continent;country
Africa;Algeria
Africa;Angola
Africa;Benin
Africa;Botswana
Africa;Burkina
Africa;Burundi
Africa;Cameroon
Africa;Cape Verde
Africa;Central African Republic
Africa;Chad
Africa;Comoros
Africa;Congo
Africa;Congo, Democratic Republic of
Africa;Djibouti
Africa;Egypt
Africa;Equatorial Guinea
Africa;Eritrea
Africa;Ethiopia
Africa;Gabon
Africa;Gambia
Africa;Ghana
Africa;Guinea
Africa;Guinea-Bissau
Africa;Ivory Coast
Africa;Kenya
Africa;Lesotho
Africa;Liberia
Africa;Libya
Africa;Madagascar
Africa;Malawi
Africa;Mali
Africa;Mauritania
Africa;Mauritius
Africa;Morocco
Africa;Mozambique
Africa;Namibia
Africa;Niger
Africa;Nigeria
Africa;Rwanda
Africa;Sao Tome and Principe
Africa;Senegal
Africa;Seychelles
Africa;Sierra Leone
Africa;Somalia
Africa;South Africa
Africa;South Sudan
Africa;Sudan
Africa;Swaziland
Africa;Tanzania
Africa;Togo
Africa;Tunisia
Africa;Uganda
Africa;Zambia
Africa;Zimbabwe
Asia;Afghanistan
Asia;Bahrain
Asia;Bangladesh
Asia;Bhutan
Asia;Brunei
Asia;Burma (Myanmar)
Asia;Cambodia
Asia;China
Asia;East Timor
Asia;India
Asia;Indonesia
Asia;Iran
Asia;Iraq
Asia;Israel
Asia;Japan
Asia;Jordan
Asia;Kazakhstan
Asia;Korea, North
Asia;Korea, South
Asia;Kuwait
Asia;Kyrgyzstan
Asia;Laos
Asia;Lebanon
Asia;Malaysia
Asia;Maldives
Asia;Mongolia
Asia;Nepal
Asia;Oman
Asia;Pakistan
Asia;Philippines
Asia;Qatar
Asia;Russian Federation
Asia;Saudi Arabia
Asia;Singapore
Asia;Sri Lanka
Asia;Syria
Asia;Tajikistan
Asia;Thailand
Asia;Turkey
Asia;Turkmenistan
Asia;United Arab Emirates
Asia;Uzbekistan
Asia;Vietnam
Asia;Yemen
Europe;Albania
Europe;Andorra
Europe;Armenia
Europe;Austria
Europe;Azerbaijan
Europe;Belarus
Europe;Belgium
Europe;Bosnia and Herzegovina
Europe;Bulgaria
Europe;Croatia
Europe;Cyprus
Europe;Czech Republic
Europe;Denmark
Europe;Estonia
Europe;Finland
Europe;France
Europe;Georgia
Europe;Germany
Europe;Greece
Europe;Hungary
Europe;Iceland
Europe;Ireland
Europe;Italy
Europe;Latvia
Europe;Liechtenstein
Europe;Lithuania
Europe;Luxembourg
Europe;Macedonia
Europe;Malta
Europe;Moldova
Europe;Monaco
Europe;Montenegro
Europe;Netherlands
Europe;Norway
Europe;Poland
Europe;Portugal
Europe;Romania
Europe;San Marino
Europe;Serbia
Europe;Slovakia
Europe;Slovenia
Europe;Spain
Europe;Sweden
Europe;Switzerland
Europe;Ukraine
Europe;United Kingdom
Europe;Vatican City
North America;Antigua and Barbuda
North America;Bahamas
North America;Barbados
North America;Belize
North America;Canada
North America;Costa Rica
North America;Cuba
North America;Dominica
North America;Dominican Republic
North America;El Salvador
North America;Grenada
North America;Guatemala
North America;Haiti
North America;Honduras
North America;Jamaica
North America;Mexico
North America;Nicaragua
North America;Panama
North America;Saint Kitts and Nevis
North America;Saint Lucia
North America;Saint Vincent and the Grenadines
North America;Trinidad and Tobago
North America;United States
Australia and Oceania;Australia
Australia and Oceania;Fiji
Australia and Oceania;Kiribati
Australia and Oceania;Marshall Islands
Australia and Oceania;Micronesia
Australia and Oceania;Nauru
Australia and Oceania;New Zealand
Australia and Oceania;Palau
Australia and Oceania;Papua New Guinea
Australia and Oceania;Samoa
Australia and Oceania;Solomon Islands
Australia and Oceania;Tonga
Australia and Oceania;Tuvalu
Australia and Oceania;Vanuatu
South America;Argentina
South America;Bolivia
South America;Brazil
South America;Chile
South America;Colombia
South America;Ecuador
South America;Guyana
South America;Paraguay
South America;Peru
South America;Suriname
South America;Uruguay
South America;Venezuela
